dims,k,cell,n,pf,wr,net
dow,1,dow=Tue,147,1.3007727569991625,65.98639455782312,12280.576255269718
